id,id_client,first_name,email,gender,transaction,date
1,11,Sandor,smallindine0@devhub.com,Non-binary,7515.68,2/3/2021
2,35,Pedro,pboice1@elpais.com,Genderfluid,1602.59,1/26/2021
3,45,Freddie,fflewitt2@soundcloud.com,Genderfluid,3185.32,3/7/2020
4,101,Janet,jelmhirst3@ed.gov,Bigender,3798.27,1/30/2020
5,25,Kandace,kkenway4@scribd.com,Polygender,2483.87,12/20/2020
6,56,Emlyn,eallmond5@sun.com,Polygender,3170.96,9/11/2020
7,34,Vivien,vpillans6@hibu.com,Bigender,5737.08,10/26/2020
8,23,Nonah,nshemwell7@chronoengine.com,Polygender,3616.78,4/9/2020
9,87,Alexio,acritcher8@geocities.jp,Female,8206.08,2/2/2021
10,79,Catina,cclurow9@yandex.ru,Female,2707.23,1/14/2020
11,80,Dania,dsmarta@abc.net.au,Non-binary,2968.66,11/2/2020
12,24,Fidelia,fhardwinb@weather.com,Polygender,5224.82,9/28/2020
13,102,Gerri,gheddonc@nba.com,Polygender,5561.33,2/14/2021
14,14,Hillel,hyurkevichd@mit.edu,Genderfluid,5142.81,2/28/2021
15,14,Marjie,mferrettinie@wikispaces.com,Polygender,9406.23,1/8/2021
16,81,Kristin,kessebyf@t-online.de,Polygender,9993.69,3/3/2020
17,129,Raffaello,rboggishg@webeden.co.uk,Genderfluid,1707.19,4/1/2021
18,160,Chickie,cjosephsh@mayoclinic.com,Non-binary,4394.53,8/20/2020
19,63,Konrad,kgwinnetti@webs.com,Polygender,3106.78,12/21/2020
20,17,Lianna,lquinceej@dailymail.co.uk,Bigender,2873.93,8/9/2020
21,163,Devan,dvandersonk@si.edu,Polygender,5215.05,8/25/2020
22,11,Yelena,ylelievrel@lulu.com,Bigender,3405.68,5/7/2021
23,141,Cosetta,cquarlesm@woothemes.com,Female,9772.87,4/27/2021
24,79,Wesley,wwybrown@redcross.org,Agender,6821.42,3/22/2021
25,38,Lucho,llivero@netscape.com,Female,5886.77,6/18/2021
26,79,Malia,mghelarduccip@phoca.cz,Polygender,1845.62,12/16/2020
27,152,Caterina,cbullockq@github.io,Genderqueer,1462.01,5/7/2020
28,54,Philip,pfowellr@cbsnews.com,Genderfluid,1319.2,2/19/2020
29,117,Stephannie,sdeschleins@dedecms.com,Female,9780.35,6/27/2020
30,142,Skell,sgrelakt@go.com,Genderqueer,6373.4,12/27/2020
31,123,Basile,bbrufordu@nbcnews.com,Bigender,5139.72,10/15/2020
32,77,Brewer,bconstantinev@storify.com,Non-binary,1612.75,3/24/2020
33,64,Jedidiah,jgorriessenw@fema.gov,Genderfluid,3744.02,2/26/2020
34,29,Adair,afedoronkox@pen.io,Genderfluid,5343.06,2/25/2020
35,171,Fancie,fhuygey@sun.com,Genderqueer,4717.07,9/19/2020
36,119,Nari,npickrillz@multiply.com,Genderqueer,9511.82,12/9/2020
37,52,Biddy,bcleare10@geocities.jp,Non-binary,2330.14,6/6/2020
38,173,Margery,mkebell11@posterous.com,Female,7916.66,3/21/2021
39,57,Bridie,bbernth12@hc360.com,Agender,2241.32,7/15/2020
40,37,Bryn,bdewsbury13@google.co.jp,Genderqueer,3774.59,6/24/2020
41,98,Torin,thadwick14@de.vu,Genderqueer,4224.71,8/19/2020
42,23,Rhianon,rnelane15@themeforest.net,Polygender,4605.75,2/20/2020
43,71,Katina,kdunkersley16@ustream.tv,Non-binary,4136.61,11/10/2020
44,37,Raul,rfotherby17@time.com,Female,8893.52,7/22/2020
45,1,Marcelia,mwarmington18@chicagotribune.com,Agender,7646.26,7/27/2020
46,81,Denni,ddottrell19@about.me,Male,2221.77,12/23/2020
47,55,Sarge,sgatman1a@wikia.com,Male,8579.23,5/7/2021
48,144,Caren,celwel1b@linkedin.com,Agender,3596.71,6/8/2021
49,115,Ynes,yreye1c@nature.com,Genderqueer,1642.0,12/3/2020
50,28,Marietta,mcasarini1d@imdb.com,Genderqueer,6509.72,3/9/2020
51,151,Cyndy,ccherryholme1e@barnesandnoble.com,Non-binary,4758.39,1/12/2021
52,37,Terrence,tleckenby1f@techcrunch.com,Male,9478.13,11/9/2020
53,45,Agustin,atownley1g@ucsd.edu,Female,9950.4,1/23/2020
54,115,Alfy,adabs1h@youtu.be,Female,6962.13,6/2/2020
55,121,Bobby,bnozzolinii1i@dropbox.com,Polygender,8880.46,3/15/2021
56,120,Olivette,opetche1j@a8.net,Non-binary,5464.87,2/28/2021
57,60,Sadye,sgudge1k@usda.gov,Genderfluid,3216.49,8/10/2020
58,25,Demetre,delsey1l@ebay.com,Polygender,6364.88,8/22/2020
59,50,Briano,blitton1m@auda.org.au,Bigender,6732.4,2/28/2020
60,52,Thomasa,twortt1n@freewebs.com,Non-binary,5995.63,4/1/2020
61,56,Mora,mgascard1o@de.vu,Female,9469.54,11/29/2020
62,13,Astrix,achinnick1p@springer.com,Polygender,6672.26,8/22/2020
63,105,Cece,cpittam1q@toplist.cz,Male,4449.57,3/27/2020
64,52,Harwilll,hgatcliff1r@bigcartel.com,Female,8828.57,3/19/2021
65,118,Gwennie,gmotten1s@eventbrite.com,Genderfluid,6469.24,11/27/2020
66,154,Bernelle,bossipenko1t@hostgator.com,Genderfluid,8475.88,4/27/2020
67,125,Padraig,pstandbrooke1u@google.com,Male,7938.71,10/9/2020
68,149,Cornela,chenrichs1v@xing.com,Female,2162.85,7/1/2020
69,83,Rand,rbucknill1w@cbslocal.com,Female,3386.09,8/27/2020
70,122,Carissa,cgooden1x@cdbaby.com,Non-binary,7484.7,9/25/2020
71,55,Emlyn,eselbach1y@diigo.com,Genderfluid,5510.68,8/31/2020
72,70,Wynny,wskillington1z@flavors.me,Non-binary,6673.86,11/21/2020
73,19,Sol,ssaunier20@themeforest.net,Polygender,7138.85,4/9/2021
74,37,Ariadne,afowgies21@csmonitor.com,Female,1928.92,1/23/2020
75,138,Daisi,dcauley22@dion.ne.jp,Male,2266.08,3/6/2020
76,91,Bondie,bhamnet23@archive.org,Genderqueer,2533.79,1/30/2021
77,55,Derry,drablin24@eventbrite.com,Genderqueer,5828.83,3/24/2020
78,177,Olympie,obassingden25@twitpic.com,Female,7463.1,5/21/2020
79,69,Suellen,sworsham26@multiply.com,Female,6733.42,3/14/2020
80,140,Tracy,tallridge27@yellowpages.com,Female,5661.17,7/26/2020
81,24,Sheilakathryn,sfranken28@taobao.com,Bigender,8429.42,4/15/2021
82,73,Paulette,pmaccracken29@cdc.gov,Male,7330.47,4/9/2021
83,168,Kipp,ktimewell2a@yellowpages.com,Polygender,7932.57,7/25/2020
84,46,Devland,ddenizet2b@prlog.org,Genderfluid,8628.22,6/1/2020
85,107,Emmanuel,earchbutt2c@telegraph.co.uk,Male,1768.54,4/11/2021
86,117,Cord,clusher2d@rediff.com,Female,9920.68,6/28/2020
87,38,Bald,bhalwill2e@imgur.com,Female,5149.95,4/10/2020
88,86,Ania,afrackiewicz2f@dmoz.org,Polygender,7197.14,2/20/2020
89,105,Pall,pcranke2g@si.edu,Agender,5681.7,11/22/2020
90,5,Esdras,edowle2h@accuweather.com,Bigender,3809.08,5/19/2021
91,78,Franciskus,fdreher2i@domainmarket.com,Male,5443.65,5/15/2021
92,130,Jeromy,jmitchelson2j@auda.org.au,Polygender,8524.55,1/15/2021
93,87,Ad,ahilling2k@dedecms.com,Bigender,2529.27,6/1/2021
94,57,Maxy,mfeather2l@diigo.com,Agender,8957.82,6/16/2021
95,48,Aube,askellington2m@i2i.jp,Genderqueer,8725.44,10/10/2020
96,26,Dionisio,dbrownsworth2n@bloglovin.com,Female,1937.28,2/14/2020
97,100,Lenette,lmcneilley2o@stanford.edu,Genderfluid,9798.25,1/4/2021
98,149,Hermy,hstoppard2p@salon.com,Genderfluid,9194.22,4/1/2020
99,125,Langston,lpetrollo2q@gov.uk,Genderqueer,6979.88,1/16/2021
100,3,Cherish,crolfi2r@google.nl,Agender,1368.51,4/6/2020
101,85,Denice,dgarrard2s@salon.com,Female,2790.21,5/7/2021
102,11,Clevie,cconrad2t@businessweek.com,Genderfluid,1400.79,4/30/2020
103,32,Cherey,cgeerling2u@census.gov,Polygender,4906.98,1/14/2020
104,133,Kirby,kramstead2v@alexa.com,Genderqueer,4189.91,8/20/2020
105,98,Dulsea,dprebble2w@shop-pro.jp,Non-binary,9011.93,9/17/2020
106,41,Aldo,afforde2x@friendfeed.com,Genderfluid,8210.19,10/28/2020
107,36,Berget,bballintyne2y@diigo.com,Female,5483.05,12/4/2020
108,113,Iver,iheaseman2z@amazonaws.com,Bigender,8189.02,6/29/2021
109,177,Camala,coaten30@sogou.com,Genderqueer,5999.13,8/12/2020
110,119,Freida,fkeggin31@dagondesign.com,Genderqueer,1682.5,1/18/2020
111,154,Paulo,palpes32@timesonline.co.uk,Female,3056.2,6/22/2020
112,71,Aguste,aperin33@eepurl.com,Genderqueer,1333.96,3/19/2021
113,163,Cece,cmallatratt34@blogspot.com,Female,9863.57,3/4/2020
114,137,Sally,swisden35@theguardian.com,Agender,9130.01,7/3/2020
115,33,Kaile,kjozefowicz36@ehow.com,Bigender,7601.67,8/6/2020
116,51,Sasha,sslocom37@weather.com,Male,8627.89,2/28/2021
117,175,Thaxter,tknutton38@pen.io,Genderfluid,2607.05,1/14/2021
118,14,Morgan,mhacket39@dyndns.org,Bigender,6892.87,3/5/2021
119,130,Kati,kpawlowicz3a@marriott.com,Male,1274.21,5/29/2021
120,73,Luz,lkinmond3b@gizmodo.com,Male,3761.17,1/1/2021
121,33,Glenden,gmaccraw3c@cdbaby.com,Agender,5812.19,4/8/2021
122,96,Noble,nmcsperron3d@pen.io,Genderqueer,7079.03,3/26/2020
123,171,Conchita,cburdikin3e@wikispaces.com,Genderfluid,2076.08,10/8/2020
124,45,Saundra,santoshin3f@t.co,Polygender,8541.65,6/25/2021
125,128,Rhea,rledwich3g@twitter.com,Female,6045.21,4/20/2020
126,4,Barbey,bgonzalo3h@sun.com,Agender,8281.95,8/5/2020
127,92,Vinni,vmacanespie3i@photobucket.com,Genderfluid,5936.9,5/12/2020
128,169,Koral,khymans3j@va.gov,Non-binary,4208.85,5/6/2020
129,85,Dani,dshoutt3k@hao123.com,Male,1811.38,1/11/2020
130,180,Inessa,ibrims3l@businessweek.com,Agender,3415.09,11/13/2020
131,36,Aidan,aclerk3m@nyu.edu,Genderfluid,9971.53,10/7/2020
132,168,Joseph,jtonbye3n@arstechnica.com,Non-binary,7510.83,5/25/2021
133,137,Leah,lluety3o@elegantthemes.com,Male,6158.34,8/20/2020
134,15,Krystle,kbeetham3p@samsung.com,Female,1508.99,1/31/2021
135,9,Nani,nstansbie3q@mit.edu,Female,3909.96,5/27/2021
136,2,Boony,btoor3r@ocn.ne.jp,Non-binary,9507.29,6/30/2020
137,34,Maggi,mbroadey3s@samsung.com,Genderqueer,8100.2,9/6/2020
138,112,Jewelle,jgudd3t@phoca.cz,Non-binary,3528.61,5/26/2020
139,33,Derek,dlemmer3u@comsenz.com,Bigender,8129.73,9/1/2020
140,15,Donetta,dbourgour3v@timesonline.co.uk,Non-binary,3961.57,4/30/2021
141,13,Hyman,hharberer3w@php.net,Bigender,9024.81,6/16/2021
142,23,Thia,tmucklo3x@google.cn,Bigender,9887.35,12/14/2020
143,179,Tessa,tbreakey3y@mozilla.com,Genderfluid,6496.91,8/15/2020
144,47,Issie,ithinn3z@cargocollective.com,Agender,7062.42,4/21/2021
145,129,Joellyn,jdewberry40@netscape.com,Female,5439.46,12/10/2020
146,82,Jude,jlongbone41@soundcloud.com,Non-binary,3612.5,10/11/2020
147,6,Jessi,jsatchell42@blog.com,Agender,4684.5,10/22/2020
148,145,Adrian,arogister43@ning.com,Genderqueer,7493.55,12/30/2020
149,173,Adelind,ailyinski44@addtoany.com,Female,4931.05,8/10/2020
150,18,Caryn,cmcilwreath45@com.com,Genderfluid,7288.79,5/31/2020
151,93,Herc,hbygrove46@craigslist.org,Polygender,3585.13,12/14/2020
152,179,Jessey,jhardman47@blog.com,Non-binary,8573.04,2/25/2020
153,48,Riccardo,rsherville48@hud.gov,Agender,8451.46,6/12/2021
154,23,Domenico,dfrediani49@com.com,Genderqueer,2324.83,5/14/2021
155,103,Coleman,chelbeck4a@themeforest.net,Non-binary,3528.48,8/27/2020
156,112,Idell,ibaugham4b@hubpages.com,Non-binary,1520.65,2/5/2020
157,159,Mabel,mcawkwell4c@mlb.com,Non-binary,1220.11,5/13/2020
158,106,Riobard,rabsolom4d@lycos.com,Non-binary,4729.27,2/10/2021
159,118,Caritta,caspin4e@mysql.com,Agender,6250.12,1/31/2020
160,131,Terrie,tscandwright4f@fema.gov,Female,6147.17,5/5/2021
161,47,Rianon,rmusslewhite4g@ehow.com,Female,8949.47,8/21/2020
162,165,Gaspard,gsiemens4h@godaddy.com,Bigender,3170.17,10/16/2020
163,101,Florie,fpetroulis4i@privacy.gov.au,Genderqueer,8826.95,6/14/2021
164,93,Aurie,awilliscroft4j@diigo.com,Genderfluid,8628.96,6/25/2020
165,169,Alejandro,afanshawe4k@rambler.ru,Polygender,7002.96,1/31/2020
166,149,Brynna,bmontrose4l@illinois.edu,Polygender,5614.84,2/1/2020
167,146,Yancy,ybardwell4m@tinypic.com,Male,6921.4,10/11/2020
168,17,Deeanne,dguess4n@seattletimes.com,Bigender,7520.83,5/18/2021
169,164,Nevsa,nmewett4o@icio.us,Non-binary,9018.28,1/9/2021
170,72,Puff,plevee4p@eepurl.com,Genderqueer,4249.08,5/7/2021
171,150,Rawley,rlegrand4q@miibeian.gov.cn,Genderfluid,3393.45,12/15/2020
172,19,Ansley,acottham4r@craigslist.org,Male,6566.27,2/8/2020
173,116,Murielle,mjorge4s@yale.edu,Non-binary,5347.78,4/26/2020
174,26,Orlan,odubs4t@mozilla.com,Non-binary,7438.08,1/15/2021
175,163,Clayborne,cnapoleon4u@miitbeian.gov.cn,Polygender,6495.02,2/22/2021
176,117,Luelle,lfishpool4v@prnewswire.com,Polygender,8323.72,1/17/2020
177,180,Bari,bfolbig4w@mlb.com,Non-binary,2976.63,2/29/2020
178,118,Bob,bcasper4x@artisteer.com,Polygender,7533.08,5/21/2021
179,65,Audie,asellers4y@wikipedia.org,Bigender,5781.55,1/20/2021
180,26,Franklyn,ffeldman4z@facebook.com,Agender,8838.78,10/29/2020
181,145,Brandea,byoakley50@globo.com,Bigender,6695.58,5/25/2020
182,154,Charil,cpindred51@prnewswire.com,Male,3208.89,12/23/2020
183,135,Minna,mmcauslan52@networkadvertising.org,Genderfluid,5669.93,5/8/2020
184,176,Jandy,jstegell53@hp.com,Bigender,1977.08,5/19/2021
185,66,Felic,fdelhanty54@archive.org,Agender,1875.75,2/6/2020
186,72,Shaylyn,smacmychem55@nymag.com,Genderfluid,6149.43,6/3/2021
187,72,Kathye,khamflett56@blogs.com,Agender,9958.97,3/24/2021
188,46,Wenona,wcardenoza57@miitbeian.gov.cn,Genderqueer,6427.83,11/13/2020
189,82,Farand,fmatuschek58@un.org,Genderfluid,7461.48,6/12/2020
190,141,Eadie,edonizeau59@google.it,Polygender,7543.18,3/6/2020
191,162,Thatcher,tbodemeaid5a@mail.ru,Male,9030.71,2/22/2021
192,147,Ogdan,obonds5b@indiatimes.com,Non-binary,8423.0,11/21/2020
193,167,Rouvin,rettritch5c@multiply.com,Genderfluid,9290.49,8/27/2020
194,113,Elysia,ekelmere5d@g.co,Genderfluid,1427.74,8/28/2020
195,69,Elladine,eodcroft5e@taobao.com,Polygender,5382.07,4/20/2020
196,138,Ludovico,lkhadir5f@chronoengine.com,Genderfluid,4646.05,7/21/2020
197,9,Germain,gwinspeare5g@blogs.com,Non-binary,8202.17,8/30/2020
198,132,Flynn,fcattroll5h@goo.ne.jp,Genderqueer,5739.72,2/18/2020
199,66,Gilbertina,gdurdy5i@dagondesign.com,Genderfluid,4898.71,5/7/2021
200,14,Maible,mhoggetts5j@godaddy.com,Male,6424.28,6/13/2021
201,42,Gelya,gbramelt5k@dagondesign.com,Genderqueer,3835.22,9/25/2020
202,172,Jazmin,jgreber5l@booking.com,Genderfluid,3243.87,5/17/2020
203,146,Early,eeich5m@ehow.com,Genderfluid,1909.69,9/17/2020
204,86,Imojean,icastel5n@reddit.com,Female,3598.22,11/25/2020
205,147,Griffy,gzanotti5o@fastcompany.com,Bigender,1263.69,1/14/2020
206,88,Christopher,cpetherick5p@uiuc.edu,Female,2093.59,2/10/2020
207,130,Arie,alarratt5q@wp.com,Genderfluid,5915.41,6/2/2021
208,76,Bendick,bfilintsev5r@tmall.com,Male,2556.94,1/7/2021
209,135,Sayres,sjendricke5s@sun.com,Polygender,3265.7,5/7/2021
210,37,Annabelle,ablampey5t@mapquest.com,Genderfluid,1785.77,1/16/2020
211,42,Page,ptogher5u@sina.com.cn,Genderfluid,6882.43,1/12/2020
212,176,Deane,dselwood5v@google.com,Male,7071.19,1/11/2021
213,135,Isabeau,idrezzer5w@technorati.com,Polygender,2289.96,1/9/2021
214,146,Terrel,taireton5x@sbwire.com,Non-binary,6745.76,11/14/2020
215,149,Jaime,jmcgrah5y@issuu.com,Non-binary,2240.52,9/14/2020
216,92,Hollis,hcurnok5z@arstechnica.com,Genderqueer,4789.92,5/17/2021
217,3,Adolph,agannon60@pcworld.com,Polygender,6973.12,12/26/2020
218,17,Benny,bvallentin61@pagesperso-orange.fr,Genderqueer,8931.49,7/22/2020
219,3,Hamid,hcastagnaro62@nih.gov,Non-binary,3927.76,2/1/2020
220,90,Roger,rmalek63@opera.com,Genderfluid,4456.53,7/25/2020
221,90,Feodor,fsappson64@homestead.com,Genderqueer,3505.24,6/7/2021
222,49,Bryant,bwippermann65@wordpress.org,Non-binary,2988.51,7/6/2020
223,99,Nydia,nivanchenkov66@google.de,Non-binary,9047.11,8/21/2020
224,62,Alaster,aburbidge67@unicef.org,Genderqueer,1706.66,10/12/2020
225,139,Lexie,lnudd68@japanpost.jp,Polygender,9134.23,2/6/2021
226,174,Anastassia,ahollingsbee69@vistaprint.com,Non-binary,1938.17,12/10/2020
227,90,Kerry,kdallyn6a@exblog.jp,Polygender,1528.34,10/19/2020
228,108,Melinda,mfinlater6b@miibeian.gov.cn,Female,2326.16,2/26/2021
229,22,Denna,dgoldspink6c@godaddy.com,Polygender,7217.51,8/9/2020
230,71,Eartha,ejerger6d@yahoo.co.jp,Non-binary,2535.68,2/3/2021
231,102,Minerva,mgrazier6e@slate.com,Polygender,1408.96,2/11/2020
232,136,Corena,cianetti6f@marketwatch.com,Genderqueer,8273.49,2/10/2020
233,115,Dawn,ddominighi6g@wix.com,Male,5865.91,6/26/2021
234,134,Noah,ngrafom6h@japanpost.jp,Genderqueer,4508.32,10/5/2020
235,166,Ambrosius,aduffil6i@livejournal.com,Non-binary,9970.1,6/16/2021
236,174,Tedda,tfiddiman6j@merriam-webster.com,Genderqueer,2481.94,10/3/2020
237,177,Lissi,lmccarrick6k@phpbb.com,Genderqueer,5347.06,1/18/2021
238,25,Clem,cbarajaz6l@blog.com,Bigender,5841.93,1/6/2020
239,153,Marcellus,msutherland6m@ocn.ne.jp,Agender,8151.21,4/18/2020
240,90,Emmott,emixer6n@nbcnews.com,Genderqueer,1461.09,4/3/2021
241,105,Egan,econnichie6o@cnn.com,Bigender,2358.75,9/19/2020
242,81,Trip,tagass6p@earthlink.net,Genderqueer,9471.96,1/4/2021
243,57,Florenza,fmccarle6q@nasa.gov,Female,4248.84,8/10/2020
244,41,Gisele,ghounihan6r@amazon.co.jp,Agender,8401.69,6/18/2021
245,107,Verna,vdrew6s@who.int,Genderfluid,7660.13,6/15/2020
246,126,Jillana,jrojel6t@domainmarket.com,Genderqueer,8758.62,8/21/2020
247,179,Jayne,jspohr6u@typepad.com,Male,8866.08,8/1/2020
248,58,Martha,mhumbey6v@edublogs.org,Polygender,7453.66,11/2/2020
249,57,Janeczka,jogilby6w@hostgator.com,Male,5136.23,4/20/2020
250,168,Adelle,aastupenas6x@pcworld.com,Non-binary,1982.34,5/30/2020
251,23,Saidee,sjerger6y@devhub.com,Non-binary,8441.29,7/17/2020
252,64,Sayre,sjoseland6z@eepurl.com,Genderfluid,1415.58,11/18/2020
253,133,Siana,spyrke70@deliciousdays.com,Agender,9995.3,11/15/2020
254,162,Worden,wnicklen71@chronoengine.com,Genderfluid,1481.3,2/8/2020
255,95,Querida,qpressdee72@webs.com,Male,2465.72,5/25/2021
256,107,Peyton,pteece73@hc360.com,Non-binary,5888.4,1/3/2021
257,116,Tamra,ttrubshaw74@virginia.edu,Genderqueer,9524.77,12/12/2020
258,68,Elsinore,elangthorne75@salon.com,Bigender,6070.11,3/28/2020
259,94,Terese,tsommerling76@amazonaws.com,Genderfluid,3319.38,6/10/2021
260,127,Rudd,rhandman77@loc.gov,Agender,9558.78,3/17/2021
261,54,Hamish,hkasperski78@adobe.com,Agender,6585.0,3/7/2021
262,112,Ursola,urolinson79@deviantart.com,Genderqueer,6429.94,5/25/2021
263,125,Bell,batherley7a@wikipedia.org,Male,8550.18,2/10/2020
264,25,Elladine,elepope7b@redcross.org,Agender,1220.36,4/21/2020
265,155,Bridgette,bkerry7c@miibeian.gov.cn,Non-binary,2513.72,11/29/2020
266,53,Pammy,pisaksson7d@example.com,Bigender,8845.42,4/20/2020
267,146,Jeniece,jmcgrotty7e@oaic.gov.au,Bigender,9434.57,1/24/2020
268,89,Cornall,cpither7f@google.co.jp,Bigender,3626.31,3/23/2020
269,137,Mala,mschachter7g@gravatar.com,Bigender,5139.25,2/5/2021
270,44,Alvera,abeatty7h@abc.net.au,Non-binary,9320.76,6/8/2021
271,144,Jo-ann,jbamforth7i@tripadvisor.com,Polygender,4992.94,8/12/2020
272,128,Sibyl,splumley7j@artisteer.com,Genderfluid,1441.66,7/21/2020
273,16,Lilian,lmckleod7k@yale.edu,Genderqueer,9440.11,7/30/2020
274,12,Osbert,orydzynski7l@liveinternet.ru,Non-binary,9030.29,3/22/2021
275,130,Scot,seton7m@google.com.br,Genderqueer,5061.73,5/2/2020
276,57,Emmalyn,eholborn7n@infoseek.co.jp,Genderfluid,3080.09,4/6/2021
277,179,Paolo,peaster7o@google.com.br,Genderqueer,7925.61,8/14/2020
278,132,Papageno,psibthorpe7p@skyrock.com,Female,7504.4,5/26/2021
279,98,Beauregard,bcleugher7q@cnbc.com,Non-binary,2068.35,2/3/2020
280,79,Ronny,rdrewe7r@pagesperso-orange.fr,Bigender,8875.28,5/28/2021
281,145,Hector,hrallinshaw7s@indiegogo.com,Agender,3370.34,6/11/2021
282,136,Minnie,mdorre7t@gmpg.org,Female,2353.77,7/7/2020
283,140,Tallie,tmulvihill7u@mediafire.com,Agender,9500.46,12/7/2020
284,156,Eleen,eplank7v@reddit.com,Female,3299.46,12/17/2020
285,4,Romonda,rlukacs7w@msn.com,Non-binary,2320.83,11/12/2020
286,1,Calli,cleemans7x@t-online.de,Female,8953.95,7/8/2020
287,144,Clark,csamart7y@nps.gov,Genderqueer,2126.81,3/29/2021
288,128,Bebe,beim7z@gravatar.com,Agender,9329.32,6/20/2021
289,54,Caron,cdunning80@answers.com,Bigender,4428.63,8/19/2020
290,30,Shalom,sjaszczak81@usatoday.com,Bigender,9284.11,3/19/2020
291,51,Lester,lpesak82@forbes.com,Female,5187.7,5/11/2021
292,76,Lorant,ladamovitz83@state.tx.us,Male,3430.76,4/10/2020
293,170,Bronson,bmyrkus84@tiny.cc,Agender,3099.04,12/9/2020
294,119,Papagena,psidaway85@washington.edu,Female,5101.52,1/31/2020
295,132,Kinsley,khuygens86@amazon.de,Non-binary,3943.8,5/12/2021
296,118,Roscoe,rbrook87@so-net.ne.jp,Agender,7667.87,3/9/2021
297,82,Gearard,gmanley88@ebay.com,Genderfluid,5663.55,1/1/2021
298,3,Adolph,aelleyne89@unc.edu,Genderfluid,3045.88,12/8/2020
299,99,Maurizia,mpieracci8a@whitehouse.gov,Genderfluid,5059.97,7/15/2020
300,10,Gustave,gmateo8b@addthis.com,Male,2778.22,2/23/2020
301,41,Kevina,kwalicki8c@ehow.com,Female,1661.78,12/27/2020
302,121,Gregorius,gwildgoose8d@quantcast.com,Non-binary,3801.78,4/29/2020
303,90,Janice,jantecki8e@thetimes.co.uk,Genderqueer,8567.75,8/4/2020
304,55,Lizzy,lfenck8f@cmu.edu,Genderfluid,1338.12,5/30/2021
305,9,Gil,gdenisevich8g@people.com.cn,Genderqueer,8482.11,9/29/2020
306,27,Allyce,acowhig8h@cmu.edu,Non-binary,2500.15,2/22/2021
307,23,Alphonso,astorer8i@dagondesign.com,Non-binary,7981.46,2/4/2020
308,100,Gusella,gpannett8j@foxnews.com,Genderfluid,2743.63,4/19/2020
309,2,Rahel,rclarae8k@rediff.com,Bigender,1745.75,5/4/2020
310,109,Mickey,mtorres8l@oaic.gov.au,Genderqueer,4206.38,4/4/2020
311,90,Matelda,mmccallam8m@utexas.edu,Male,3559.55,9/29/2020
312,10,Berta,bgarshore8n@t-online.de,Genderfluid,7529.84,5/1/2020
313,14,Fletcher,fbosquet8o@unicef.org,Non-binary,3957.74,10/21/2020
314,118,Carin,cmcneigh8p@oaic.gov.au,Agender,1651.89,1/14/2021
315,154,Galen,gdutchburn8q@google.com.au,Agender,8885.49,8/7/2020
316,143,Grannie,gritelli8r@meetup.com,Male,3924.23,1/19/2021
317,118,Mathian,mpeyto8s@netvibes.com,Polygender,3182.1,6/26/2021
318,71,Nadiya,nfarrant8t@vinaora.com,Genderfluid,5107.82,6/23/2020
319,50,Tyrus,tmablestone8u@theglobeandmail.com,Female,5500.7,4/14/2020
320,145,Tobey,tscatchar8v@phoca.cz,Agender,2928.06,2/6/2021
321,32,Saloma,skeegan8w@flavors.me,Bigender,9480.34,6/12/2021
322,62,Corney,cgrocott8x@spiegel.de,Non-binary,3734.07,8/18/2020
323,71,Jimmy,jsollas8y@wunderground.com,Female,8337.12,1/8/2020
324,45,Roz,rsaladine8z@usnews.com,Agender,9097.8,6/1/2021
325,148,Janos,jevitt90@naver.com,Male,5882.86,3/3/2021
326,111,Richardo,rmoseby91@mozilla.org,Polygender,4400.71,4/28/2020
327,123,Sheeree,sglentworth92@craigslist.org,Non-binary,2254.98,6/16/2020
328,103,Tymon,tcabrales93@mail.ru,Genderqueer,9446.62,2/26/2021
329,19,Diarmid,dalvarez94@about.com,Male,9008.58,5/5/2020
330,180,Curr,crusson95@ihg.com,Male,2414.06,1/5/2021
331,47,Jarib,joddey96@berkeley.edu,Polygender,8101.71,5/6/2021
332,116,Karine,kkisbee97@myspace.com,Non-binary,9560.0,10/3/2020
333,119,Jerrie,jminerdo98@chronoengine.com,Polygender,5956.52,5/20/2020
334,105,Simonette,sjohnes99@noaa.gov,Genderqueer,9682.5,3/22/2020
335,78,Gerhardt,gsale9a@flavors.me,Genderfluid,2540.79,5/1/2021
336,73,Roth,rtincey9b@google.it,Bigender,5834.25,5/16/2020
337,148,Benedikta,bsteels9c@netlog.com,Genderqueer,6569.05,5/28/2021
338,19,Ida,ieloy9d@opensource.org,Non-binary,1937.96,4/27/2021
339,110,Nelli,nvillalta9e@tmall.com,Non-binary,6004.11,10/28/2020
340,66,Carri,cmessingham9f@woothemes.com,Agender,5086.98,12/17/2020
341,87,Rolando,rambroise9g@i2i.jp,Agender,7299.75,6/17/2021
342,9,Lemmy,lcrees9h@unesco.org,Polygender,4179.34,3/10/2020
343,173,Farrell,fchilcott9i@qq.com,Genderfluid,1907.0,2/1/2020
344,61,Roxi,rsiene9j@bbc.co.uk,Polygender,4259.45,12/18/2020
345,71,Pasquale,pgoulborn9k@usa.gov,Non-binary,2256.29,6/25/2020
346,84,Claus,cgemelli9l@kickstarter.com,Genderqueer,3952.84,4/17/2021
347,173,Skippy,semblow9m@cnet.com,Genderqueer,1965.31,5/30/2021
348,140,Tadio,tjude9n@boston.com,Male,8989.59,6/14/2021
349,136,Adolphus,acadany9o@home.pl,Male,5697.27,3/15/2020
350,39,Cherise,cisakson9p@phpbb.com,Polygender,1741.91,6/25/2021
351,57,Darbie,dtrimnell9q@squarespace.com,Genderqueer,4351.84,6/24/2021
352,102,Boigie,bdibaudi9r@is.gd,Agender,7274.41,4/14/2020
353,85,Maxim,mcamamill9s@wufoo.com,Polygender,2478.95,7/22/2020
354,11,Ellary,ecurtayne9t@instagram.com,Non-binary,4779.15,9/26/2020
355,73,Sherrie,sbanane9u@examiner.com,Polygender,5740.55,5/12/2020
356,6,Pasquale,pysson9v@ucla.edu,Bigender,4994.61,4/15/2021
357,179,Marchelle,mgravell9w@cdbaby.com,Polygender,8712.96,3/22/2020
358,168,Ephraim,esabathe9x@ftc.gov,Bigender,8101.31,12/20/2020
359,141,Trevor,tmathivet9y@vk.com,Bigender,8917.08,11/16/2020
360,72,Aurel,aremington9z@ycombinator.com,Bigender,7639.84,5/5/2020
361,168,Hewet,hrycrofta0@360.cn,Non-binary,2208.18,2/4/2021
362,42,Melany,mspencleya1@last.fm,Non-binary,2245.94,6/5/2020
363,130,Efrem,esenecauxa2@dailymail.co.uk,Genderfluid,3072.02,2/23/2020
364,83,Dulcie,dannakina3@example.com,Genderfluid,5764.86,6/10/2020
365,146,Kareem,kvanyutina4@4shared.com,Non-binary,7765.77,6/28/2020
366,117,Alasteir,amilmoea5@facebook.com,Polygender,4424.42,3/4/2021
367,168,Davine,dradnagea6@wp.com,Polygender,1239.79,2/20/2020
368,125,Alvina,adrippsa7@blinklist.com,Agender,4878.87,6/21/2021
369,121,La verne,lduggana8@msu.edu,Bigender,5125.26,11/3/2020
370,22,Anthia,aserotskya9@go.com,Polygender,7447.35,7/2/2020
371,109,Elisabet,ewhickmanaa@biblegateway.com,Polygender,5763.0,7/27/2020
372,162,Marijo,mbloseab@flavors.me,Female,1294.37,3/26/2020
373,125,Elysha,ehexterac@tinyurl.com,Genderqueer,4977.79,5/29/2020
374,85,Vallie,vblaxlandead@va.gov,Non-binary,3936.86,4/19/2021
375,65,Steward,sandrioliae@tumblr.com,Male,9875.98,9/15/2020
376,133,Zeb,ztourvilleaf@earthlink.net,Genderfluid,3684.02,12/29/2020
377,142,Meggie,mmulvanyag@cisco.com,Non-binary,7291.74,2/1/2020
378,83,Katerine,koffaah@sitemeter.com,Female,7453.99,3/13/2021
379,27,Isador,ichandersai@diigo.com,Genderqueer,8387.34,6/5/2021
380,35,Gilemette,glearnedaj@desdev.cn,Polygender,8423.52,11/27/2020
381,145,Waverly,wphilpotsak@bigcartel.com,Polygender,9525.09,5/26/2020
382,146,Elvira,ebustonal@jugem.jp,Non-binary,5215.66,7/11/2020
383,139,Korrie,kstartenam@jimdo.com,Polygender,4343.51,6/25/2021
384,72,Isa,ialesioan@jiathis.com,Polygender,8304.47,5/5/2021
385,36,Steve,solivetoao@uiuc.edu,Non-binary,1724.34,12/19/2020
386,6,Dniren,dlocksap@desdev.cn,Polygender,8218.24,2/24/2020
387,101,Urson,upickerillaq@wordpress.org,Female,5746.28,6/14/2020
388,80,Jori,jsteerar@trellian.com,Bigender,1754.12,12/23/2020
389,157,Octavia,owestfieldas@fema.gov,Genderqueer,1615.19,5/8/2020
390,88,Cole,cstrettonat@parallels.com,Agender,5590.07,5/12/2020
391,63,Erhart,emckyrrellyau@bandcamp.com,Non-binary,6562.8,9/28/2020
392,170,Gordie,gcopynav@seesaa.net,Genderqueer,7198.03,4/8/2021
393,61,Mike,mroyanaw@blogtalkradio.com,Male,5378.71,8/21/2020
394,99,Bibbye,bcurgenuerax@miitbeian.gov.cn,Female,6062.02,3/16/2021
395,151,Jany,jsloaneay@quantcast.com,Genderfluid,5879.9,2/8/2020
396,99,Simeon,spinksaz@blogger.com,Male,5451.86,7/27/2020
397,44,Melba,mkubekb0@liveinternet.ru,Female,4780.31,3/26/2021
398,131,Lanna,ldeluceb1@google.de,Non-binary,3743.7,2/11/2020
399,52,Xavier,xpoureb2@histats.com,Female,1256.52,5/5/2021
400,39,Orville,oburkhillb3@msu.edu,Polygender,7009.41,5/21/2021
401,77,Codi,cchooterb4@deviantart.com,Agender,4099.8,3/19/2020
402,126,Hugibert,hfaneb5@sina.com.cn,Bigender,6349.72,6/7/2020
403,90,Fawnia,fkeigherb6@vkontakte.ru,Agender,6553.84,9/27/2020
404,138,Gawen,gproudlockb7@drupal.org,Polygender,3133.4,4/4/2020
405,135,Anni,acrudgintonb8@oracle.com,Agender,2322.59,1/11/2021
406,159,Penni,pknightlyb9@webmd.com,Male,3843.71,1/18/2021
407,140,Rosemarie,rpetworthba@imageshack.us,Bigender,5387.81,5/30/2021
408,79,Garwood,ggroucuttbb@google.ru,Polygender,6617.37,12/29/2020
409,55,Christina,ciddensbc@sciencedirect.com,Female,2942.29,6/30/2020
410,48,Allyn,alampelbd@ted.com,Bigender,3603.16,6/1/2021
411,101,Giselle,gheeneybe@alexa.com,Genderfluid,4881.7,2/10/2020
412,148,Foss,fhanbridgebf@npr.org,Non-binary,4360.64,4/15/2021
413,137,Rolland,rlofthousebg@guardian.co.uk,Male,7531.36,9/23/2020
414,125,Dolley,dmatulabh@jimdo.com,Agender,6825.13,3/16/2020
415,59,Monty,mrichardtbi@addthis.com,Non-binary,7053.38,1/23/2020
416,24,Hettie,hdonatbj@elegantthemes.com,Genderqueer,4849.49,2/12/2021
417,117,Culley,cbatcockbk@reuters.com,Bigender,9081.98,6/30/2020
418,7,Etta,erobardbl@istockphoto.com,Genderqueer,1790.48,6/19/2020
419,63,Salim,sdunstanbm@msn.com,Agender,3216.42,2/26/2020
420,38,Mikaela,mschultesbn@imdb.com,Male,7827.45,5/1/2021
421,20,Tobe,tklementzbo@cisco.com,Polygender,8194.55,7/21/2020
422,35,Bibbie,brappsbp@who.int,Non-binary,9713.79,12/7/2020
423,158,Bernhard,bstruttonbq@sakura.ne.jp,Genderqueer,2139.91,9/19/2020
424,142,Parke,pkububr@weibo.com,Genderfluid,4481.08,2/22/2020
425,160,Estele,ejosskovizbs@nhs.uk,Agender,2026.37,1/13/2021
426,114,Arabella,alegueybt@skype.com,Genderfluid,6353.49,4/1/2021
427,49,Jacquie,joldcroftbu@furl.net,Genderqueer,5964.25,6/17/2021
428,7,Rob,rjunesbv@va.gov,Male,9715.04,1/6/2021
429,66,Yale,ydeguisebw@acquirethisname.com,Polygender,1492.67,3/20/2020
430,49,Marlena,mdrejerbx@npr.org,Genderqueer,3224.88,1/20/2021
431,40,Denyse,dscrivinby@harvard.edu,Female,6784.68,5/11/2021
432,124,Niel,nbullimorebz@hostgator.com,Non-binary,3650.23,11/5/2020
433,165,Melissa,mbalamc0@rakuten.co.jp,Genderqueer,4526.12,6/27/2020
434,121,Nydia,nvartyc1@nps.gov,Male,3354.35,3/20/2020
435,89,Odille,ofranciottic2@jiathis.com,Bigender,1793.67,12/25/2020
436,150,Skelly,schaucerc3@weebly.com,Genderfluid,5238.82,12/1/2020
437,170,Caresa,cyerrellc4@spotify.com,Agender,2780.41,4/29/2020
438,101,Ignatius,ileacyc5@digg.com,Female,2420.41,4/12/2020
439,128,Romona,rbillyealdc6@stumbleupon.com,Bigender,4174.2,11/23/2020
440,133,Fabiano,fstellinoc7@baidu.com,Genderqueer,6586.83,1/12/2021
441,36,Patric,pfelgatec8@hubpages.com,Agender,9106.8,9/10/2020
442,177,Park,plumsdenc9@reuters.com,Genderfluid,9944.23,12/8/2020
443,135,Mariya,mbeadelca@patch.com,Male,7050.82,2/24/2020
444,10,Cam,cgillicb@opensource.org,Non-binary,7846.77,5/13/2020
445,54,Caressa,charesnapecc@vkontakte.ru,Genderfluid,4372.31,8/6/2020
446,62,Timmy,tmccrilliscd@yandex.ru,Genderfluid,2216.23,7/31/2020
447,113,Fergus,fmcgralece@icq.com,Non-binary,8187.2,4/6/2021
448,34,Valida,vwicklincf@pbs.org,Non-binary,5011.24,7/3/2020
449,104,Jewel,jskellornecg@theguardian.com,Agender,5210.97,3/30/2020
450,120,Maxim,mmaudch@photobucket.com,Male,9359.8,7/25/2020
451,41,Errick,eduganci@hc360.com,Agender,2362.26,3/20/2021
452,50,Ellerey,emelladewcj@taobao.com,Genderqueer,4296.74,2/27/2020
453,163,Henryetta,hyushinck@comsenz.com,Bigender,7063.56,12/8/2020
454,109,Vivi,vbrownecl@theguardian.com,Agender,1622.99,4/23/2021
455,5,Seth,sbecerracm@nyu.edu,Bigender,6020.49,6/17/2021
456,59,Lanette,lgreenawaycn@discovery.com,Genderfluid,7596.8,3/15/2020
457,7,Angelle,acreedco@hugedomains.com,Male,9055.37,5/6/2020
458,10,Marty,merbecp@reddit.com,Male,2181.44,1/1/2020
459,23,Rollins,rplattscq@quantcast.com,Male,4807.44,7/29/2020
460,7,Aleta,adugdalecr@zdnet.com,Non-binary,2286.98,6/16/2021
461,69,Joelly,jpennonecs@psu.edu,Female,2891.52,6/14/2020
462,53,Hilliary,hfitkinct@linkedin.com,Bigender,7466.57,3/23/2020
463,142,Vinny,vmacgibboncu@blogtalkradio.com,Male,8151.73,11/12/2020
464,176,Elaina,ekaliszewskicv@answers.com,Genderfluid,8959.19,12/29/2020
465,81,Anderea,arisbridgercw@twitpic.com,Agender,9721.79,4/19/2020
466,87,Winslow,wlingardcx@prnewswire.com,Genderqueer,5506.65,9/13/2020
467,77,Maxim,mphettiscy@wix.com,Agender,7704.59,5/17/2021
468,109,Tristan,thawkswellcz@independent.co.uk,Female,2680.48,10/5/2020
469,141,Nert,noruddend0@chicagotribune.com,Male,2077.84,3/31/2020
470,30,Rosalia,ryssond1@jiathis.com,Male,7957.37,9/11/2020
471,45,Selig,sakesterd2@tripod.com,Female,5410.59,12/12/2020
472,106,Ami,ahedleyd3@berkeley.edu,Non-binary,9785.87,11/22/2020
473,77,Sid,skristofferssond4@webeden.co.uk,Polygender,9695.5,5/30/2021
474,36,Pattin,plissandrid5@buzzfeed.com,Polygender,9401.99,4/20/2021
475,6,Catha,cbroadyd6@blogs.com,Genderqueer,4109.32,1/3/2021
476,57,Cathryn,cwohlerd7@google.co.uk,Genderqueer,5618.52,1/11/2020
477,5,Antons,aospillaned8@hc360.com,Non-binary,8718.77,6/5/2021
478,140,Germana,gmccloughlind9@furl.net,Bigender,2870.99,10/14/2020
479,95,Thea,tclaasenda@yellowpages.com,Genderqueer,5671.62,3/7/2020
480,62,Franny,fgiraudydb@illinois.edu,Non-binary,8694.41,5/27/2021
481,104,Jimmy,jsherdc@mtv.com,Male,3846.87,6/8/2020
482,105,Billye,bcarabinedd@hatena.ne.jp,Bigender,9739.91,7/19/2020
483,163,Caty,cmorpethde@wix.com,Agender,7837.8,5/26/2021
484,158,Brok,brockliffedf@soup.io,Female,7037.89,2/4/2021
485,163,Dennie,dsteptoedg@paginegialle.it,Polygender,9558.9,10/21/2020
486,114,Jerald,jbrownjohndh@microsoft.com,Agender,2503.88,10/30/2020
487,117,Aurelea,amantrupdi@bluehost.com,Genderqueer,2271.09,2/1/2020
488,122,Jerrie,jgrzegorzewskidj@sbwire.com,Genderfluid,9965.27,5/14/2020
489,144,Lauretta,lplanedk@w3.org,Bigender,7096.08,11/24/2020
490,104,Emilie,eribadl@dot.gov,Polygender,1203.15,9/16/2020
491,119,Chane,cgillbedm@reddit.com,Genderqueer,2587.34,3/7/2021
492,21,Meredeth,mgolstondn@usa.gov,Polygender,8817.4,1/2/2021
493,156,Torry,thalshodo@ihg.com,Female,6142.16,4/10/2021
494,116,Tarrah,tcancellerdp@furl.net,Male,9808.01,8/17/2020
495,38,Guthry,gbreaddq@oakley.com,Non-binary,4767.23,11/16/2020
496,29,Margarita,msambathdr@nih.gov,Genderfluid,4210.34,4/14/2021
497,27,Jeddy,jgoodswends@chron.com,Bigender,5046.0,5/19/2020
498,159,Juieta,jprovostdt@jigsy.com,Bigender,2509.94,7/6/2020
499,172,Nelson,ndugandu@disqus.com,Bigender,9402.54,6/30/2020
500,46,Lev,ldemitrisdv@jalbum.net,Genderqueer,2797.82,12/12/2020
501,120,Joana,jherculesdw@digg.com,Genderfluid,6019.64,10/29/2020
502,10,Clevey,cjacquotdx@quantcast.com,Non-binary,8008.58,4/23/2021
503,113,Calv,cskeetedy@ezinearticles.com,Male,9573.55,7/8/2020
504,36,Ranna,rbendalldz@histats.com,Bigender,7170.55,3/9/2020
505,81,Gunter,ggrellise0@shinystat.com,Male,7968.15,12/10/2020
506,179,Rosina,rbodleye1@godaddy.com,Agender,4014.85,4/26/2020
507,149,Karmen,kmunnione2@amazonaws.com,Agender,8759.82,3/6/2020
508,66,Guinevere,gabernethye3@artisteer.com,Bigender,5621.97,11/24/2020
509,17,Kelci,kdaviddee4@yale.edu,Female,3928.59,1/17/2020
510,127,Fanny,fchristofidese5@digg.com,Non-binary,6444.01,4/23/2020
511,114,Bennie,bshowlere6@mlb.com,Polygender,4969.44,6/5/2020
512,58,Benedetta,bthreadkelle7@storify.com,Genderqueer,6702.49,10/31/2020
513,19,Ileana,ielsee8@storify.com,Non-binary,9393.24,2/13/2020
514,174,Gorden,gmintrame9@forbes.com,Polygender,4438.23,8/5/2020
515,145,Geraldine,gjaulmeea@digg.com,Female,1561.16,5/25/2021
516,119,Katheryn,kbemwelleb@aol.com,Agender,8681.71,6/7/2020
517,39,Eachelle,ecapstaffec@umich.edu,Bigender,9701.8,11/24/2020
518,81,Pierce,parchbalded@fotki.com,Bigender,9078.43,4/22/2021
519,120,Matilda,mromeoee@mail.ru,Genderqueer,7995.57,5/4/2020
520,176,Carver,cclaytonef@posterous.com,Bigender,3489.17,11/1/2020
521,38,Dion,dnardonieg@wikia.com,Agender,1862.38,3/23/2021
522,59,Helena,htrimbeyeh@topsy.com,Genderqueer,6659.16,9/25/2020
523,133,Ebba,eclewerei@facebook.com,Non-binary,4756.91,7/19/2020
524,38,Gaye,gkevaneej@xinhuanet.com,Genderqueer,7372.24,11/21/2020
525,127,Thaxter,tdorbonek@homestead.com,Bigender,6759.11,1/23/2020
526,21,Khalil,kdufaireel@fema.gov,Bigender,7927.22,10/30/2020
527,125,Haleigh,hperringem@webeden.co.uk,Female,7785.76,4/30/2020
528,18,Oates,owinfreden@columbia.edu,Male,5235.58,12/18/2020
529,105,Sarene,shuckeleo@house.gov,Genderqueer,4491.43,9/26/2020
530,128,Marybelle,mrandleep@hibu.com,Female,4474.12,12/21/2020
531,29,Felicity,falelsandrowiczeq@skyrock.com,Bigender,8386.68,1/8/2021
532,24,Earle,eheppnerer@timesonline.co.uk,Male,1750.26,2/18/2021
533,158,Magdalene,mfibbenses@zdnet.com,Genderfluid,1948.99,1/1/2020
534,120,Lilah,lkinmondet@timesonline.co.uk,Polygender,9135.08,3/5/2020
535,29,Vivianne,vkiledaleu@blogspot.com,Non-binary,7759.84,2/29/2020
536,120,Dylan,dmcdavittev@chronoengine.com,Bigender,9091.31,1/30/2020
537,33,Rolland,rstrongitharmew@flickr.com,Agender,3385.74,6/21/2021
538,89,Rudolf,rgodinex@4shared.com,Non-binary,2611.25,1/16/2020
539,159,Ric,rmccormackey@photobucket.com,Agender,8996.78,9/24/2020
540,43,Zebadiah,zharrowerez@t-online.de,Genderfluid,7169.47,1/4/2021
541,5,Odessa,oalvarezf0@wikia.com,Genderfluid,6918.99,6/9/2020
542,124,Viva,vsambathf1@oakley.com,Bigender,4487.74,11/23/2020
543,32,Liane,lleggettf2@mapquest.com,Agender,9356.88,5/24/2020
544,128,Cyndi,csacksf3@arstechnica.com,Male,5908.08,6/18/2020
545,102,Laetitia,lchiddyf4@mysql.com,Non-binary,3177.15,12/1/2020
546,20,Crista,callsobrookf5@disqus.com,Male,3043.68,6/10/2021
547,170,Orsa,ocrackelf6@auda.org.au,Female,1253.83,3/23/2020
548,166,Robbie,rsmedmoref7@vinaora.com,Bigender,5399.0,6/10/2021
549,8,Keriann,kmatovicf8@amazon.co.jp,Genderqueer,7048.32,11/9/2020
550,144,Emily,emidgelyf9@ucsd.edu,Bigender,4649.85,9/8/2020
551,155,Delmar,dsifflettfa@tuttocitta.it,Male,6369.85,1/29/2021
552,124,Morganica,mallittfb@etsy.com,Non-binary,7705.39,5/14/2021
553,180,Emmalyn,epierpointfc@chicagotribune.com,Genderqueer,8868.17,5/10/2021
554,152,Madeleine,mmartignonfd@ucsd.edu,Male,4276.5,4/6/2021
555,100,Inga,ibricefe@theguardian.com,Polygender,2053.95,10/14/2020
556,180,Spence,squinaneff@bing.com,Agender,3532.52,3/30/2020
557,136,Ibbie,isighartfg@gnu.org,Genderqueer,2486.08,2/13/2020
558,2,Cornie,cgoomesfh@arizona.edu,Bigender,4149.43,3/25/2020
559,32,Dewie,dcermanfi@de.vu,Agender,2329.38,6/11/2020
560,21,Martin,mnozzoliniifj@printfriendly.com,Bigender,9872.6,10/25/2020
561,153,Kizzee,kdeavenellfk@yelp.com,Agender,8166.91,3/2/2021
562,101,Nappy,nchreefl@github.io,Female,6002.28,6/22/2020
563,158,Kimmie,kcanizaresfm@gmpg.org,Female,3845.88,8/6/2020
564,83,Kendrick,kstriblingfn@fema.gov,Bigender,5309.08,4/27/2020
565,1,Carolina,cdarridonfo@1und1.de,Polygender,4038.9,10/12/2020
566,115,Niko,nandreasfp@reddit.com,Genderqueer,6533.06,2/18/2021
567,16,Any,alippifq@exblog.jp,Genderqueer,2180.13,5/9/2020
568,43,Maura,mbehrensfr@hostgator.com,Genderfluid,6538.55,2/21/2020
569,60,Lotti,lweiserfs@umich.edu,Male,4184.33,2/10/2021
570,42,Cart,cbluckft@sohu.com,Non-binary,4989.73,1/23/2020
571,38,Garald,gbrandtfu@e-recht24.de,Genderfluid,3011.62,1/9/2020
572,16,Gratia,gtrouncefv@surveymonkey.com,Male,9629.52,9/22/2020
573,97,Orelia,olintotfw@opera.com,Agender,4198.41,12/2/2020
574,72,Dillie,dtomaszynskifx@123-reg.co.uk,Bigender,1790.48,8/1/2020
575,70,Darrell,dlearoidfy@amazon.com,Bigender,1596.51,10/11/2020
576,92,Chas,cantonovicfz@posterous.com,Genderqueer,2983.99,10/4/2020
577,118,Jeramey,jcroomeg0@clickbank.net,Female,9716.17,5/31/2020
578,135,Fredra,falloneg1@businessinsider.com,Genderfluid,6650.85,3/13/2021
579,60,Truda,tgueinng2@1688.com,Agender,2733.52,5/4/2020
580,97,Aylmer,acrittalg3@cyberchimps.com,Male,2991.11,3/16/2020
581,123,Keefer,knoonang4@ca.gov,Agender,3991.43,1/19/2020
582,161,Ulises,ucornockg5@senate.gov,Male,1997.39,1/4/2021
583,95,Antoine,acymperg6@foxnews.com,Genderqueer,6712.08,4/7/2020
584,130,Anabel,aalaboneg7@seattletimes.com,Bigender,7066.23,5/23/2021
585,115,Celina,cfreschig8@themeforest.net,Agender,2514.45,3/30/2021
586,1,Brandise,bipslyg9@discovery.com,Agender,6673.89,1/20/2021
587,52,Merle,mballstonga@csmonitor.com,Bigender,2804.76,4/24/2020
588,105,Chelsey,cwitheridgegb@twitter.com,Non-binary,1869.38,9/14/2020
589,85,Mathias,mardygc@jalbum.net,Genderfluid,8877.52,6/28/2020
590,120,Pembroke,plovemangd@reuters.com,Genderqueer,4519.81,1/8/2021
591,122,Rollin,rodeveyge@huffingtonpost.com,Genderqueer,9118.62,10/3/2020
592,146,Meris,moldeygf@nps.gov,Genderqueer,9135.2,3/20/2020
593,168,Dav,dvedikhovgg@buzzfeed.com,Agender,8674.41,4/5/2020
594,124,June,jfarndellgh@elpais.com,Male,6225.86,11/18/2020
595,60,Goldarina,gboyfieldgi@usa.gov,Female,8156.22,5/2/2020
596,150,Clim,cghidottigj@accuweather.com,Polygender,7138.15,10/7/2020
597,129,Giraldo,gnicholsongk@msu.edu,Female,2040.19,4/21/2020
598,165,Ingram,ijusthamgl@naver.com,Bigender,6588.97,2/2/2020
599,137,Barnaby,bjilkesgm@goodreads.com,Non-binary,4075.99,6/26/2021
600,157,Rosana,rklessegn@ask.com,Bigender,9867.04,7/23/2020
601,42,Cal,chartilgo@irs.gov,Male,9552.37,2/25/2021
602,2,Trixi,tscammellgp@ameblo.jp,Male,3385.95,2/8/2021
603,167,Mike,mdebenedictisgq@ibm.com,Genderfluid,7775.75,8/30/2020
604,33,Abey,adurbanngr@unblog.fr,Polygender,7936.48,2/24/2020
605,37,Dave,dantwisgs@slate.com,Polygender,6443.38,3/27/2020
606,86,Antony,afeatleygt@cmu.edu,Genderqueer,6117.76,3/28/2021
607,16,Adrianne,aoglesgu@hibu.com,Male,5887.51,11/18/2020
608,47,Dill,dstoylegv@arizona.edu,Bigender,1987.33,1/9/2020
609,3,Eugenia,ealexsandrowiczgw@comsenz.com,Genderqueer,9498.96,5/27/2020
610,112,Vanya,vgarlantgx@ifeng.com,Female,4744.43,4/11/2021
611,134,Raychel,rmccardlegy@netlog.com,Bigender,3030.81,12/13/2020
612,18,Quintin,qanderschgz@odnoklassniki.ru,Female,6163.66,2/18/2020
613,42,Archibaldo,aspillmanh0@devhub.com,Genderqueer,1403.84,6/11/2021
614,139,Leoine,lachromovh1@networkadvertising.org,Bigender,1272.97,3/21/2021
615,112,Harriette,htompkinsonh2@cpanel.net,Polygender,9387.41,2/12/2021
616,86,Gusti,gyuryichevh3@g.co,Genderfluid,5655.23,6/3/2020
617,175,Bibbye,bkinigh4@howstuffworks.com,Polygender,6258.1,3/25/2020
618,29,Minnie,mponth5@ucsd.edu,Bigender,1828.1,6/24/2020
619,175,Merrie,mdauberh6@prnewswire.com,Genderfluid,4050.49,1/26/2021
620,140,Ellette,ehedanh7@about.me,Polygender,9675.09,3/30/2020
621,156,Eden,etrewinh8@yolasite.com,Non-binary,6316.86,12/9/2020
622,161,Leonhard,lbriamoh9@wunderground.com,Genderfluid,7992.97,4/8/2020
623,95,Ezri,edalyellha@nature.com,Bigender,7871.73,8/15/2020
624,76,Tiffie,tbelhamhb@nhs.uk,Female,2936.75,11/3/2020
625,73,Francyne,fllewellinhc@4shared.com,Male,9666.77,5/13/2021
626,105,Krystal,kconechiehd@amazon.com,Genderfluid,9999.99,3/9/2021
627,126,Clevey,cjaradhe@slideshare.net,Genderqueer,2580.32,1/21/2021
628,129,Berte,bkermonhf@mapquest.com,Male,1658.97,7/28/2020
629,37,Franchot,fduffiehg@jalbum.net,Genderqueer,7737.04,1/31/2021
630,60,Joletta,jfinckehh@earthlink.net,Female,9360.84,6/5/2021
631,48,Hayward,hduncansonhi@devhub.com,Polygender,4837.8,3/8/2021
632,40,Derward,dslaineyhj@homestead.com,Bigender,2271.62,9/13/2020
633,123,Melitta,mmordonhk@ycombinator.com,Agender,6030.03,10/3/2020
634,115,Daniel,dtruslerhl@amazon.co.uk,Bigender,8674.02,5/27/2021
635,22,Honey,hdrewcliftonhm@studiopress.com,Agender,6203.02,9/5/2020
636,39,Duncan,dlaurenzhn@topsy.com,Polygender,2643.89,4/16/2020
637,10,Derk,dhartshornho@hugedomains.com,Genderfluid,9637.93,2/18/2020
638,71,Angie,ahinghp@w3.org,Genderqueer,8226.07,1/10/2021
639,99,Maurine,mwoodfinehq@ask.com,Polygender,6047.73,7/31/2020
640,144,Adan,ajeffresshr@webeden.co.uk,Agender,9215.54,9/2/2020
641,98,Viola,vvlasenkovhs@tinypic.com,Bigender,5329.72,2/25/2020
642,176,Brandi,bturpieht@geocities.jp,Bigender,3270.39,3/31/2021
643,170,Lyndy,lgreystokehu@discovery.com,Male,6079.4,12/28/2020
644,127,Maxy,mbotrighthv@baidu.com,Polygender,3909.89,2/28/2020
645,51,Joanne,jjancahw@bing.com,Bigender,2327.96,1/17/2020
646,46,Shanie,showenhx@aol.com,Polygender,1926.52,9/24/2020
647,14,Gwynne,gkarpenyahy@economist.com,Genderfluid,5033.02,2/8/2021
648,93,Daune,dvlasovhz@last.fm,Agender,9597.03,3/1/2021
649,155,Manfred,maspleni0@unblog.fr,Polygender,1562.45,3/7/2020
650,78,Laurie,lcuppitti1@miibeian.gov.cn,Non-binary,8412.13,4/8/2021
651,6,Bevvy,baiskovitchi2@trellian.com,Polygender,7787.79,12/10/2020
652,128,Darlene,dlenoxi3@mac.com,Genderfluid,5816.95,6/28/2021
653,57,Cozmo,ccrocketti4@blog.com,Genderfluid,8731.88,6/11/2020
654,76,Jimmy,jcolreini5@discuz.net,Male,8080.15,6/4/2021
655,19,Angel,awellingtoni6@naver.com,Male,4646.67,4/27/2020
656,118,Kellen,ksmallacombei7@linkedin.com,Genderqueer,9322.5,2/26/2020
657,75,Michele,mmearnsi8@friendfeed.com,Genderfluid,3416.39,11/1/2020
658,26,Rosalynd,rwhodcoati9@hubpages.com,Genderfluid,1693.61,2/5/2020
659,6,Evey,ebevensia@google.com.hk,Genderqueer,1230.87,3/31/2020
660,32,Brenn,bsaddingtonib@xing.com,Non-binary,1711.72,1/9/2021
661,147,Gregorius,gstachiniic@de.vu,Polygender,8075.86,12/5/2020
662,106,Tess,tcridlinid@addthis.com,Bigender,9928.28,11/29/2020
663,174,Dita,dfranceschiie@alexa.com,Female,5685.14,2/18/2020
664,69,Blanca,boldmanif@microsoft.com,Bigender,4174.0,1/30/2021
665,158,Patin,pedlestoneig@timesonline.co.uk,Male,4419.28,5/27/2020
666,40,Corbie,cleipeltih@imdb.com,Non-binary,9441.17,5/19/2020
667,52,Alys,anealeyii@paginegialle.it,Genderqueer,9326.79,2/7/2020
668,82,Peter,psambellsij@illinois.edu,Polygender,8883.83,9/19/2020
669,56,Filippa,fblackahik@comcast.net,Agender,2454.05,4/10/2021
670,28,Casar,cdevonishil@studiopress.com,Non-binary,2944.87,12/13/2020
671,36,Eamon,emillthorpeim@abc.net.au,Agender,3447.52,5/15/2021
672,117,Adria,abraunrothin@indiatimes.com,Non-binary,4812.22,10/15/2020
673,7,Greggory,gmethamio@prweb.com,Genderfluid,4326.6,5/15/2020
674,37,Grenville,ggresswellip@go.com,Bigender,3852.85,8/3/2020
675,25,Nikolia,nglencrashiq@reference.com,Non-binary,7448.08,7/19/2020
676,103,Michaella,mbisgroveir@liveinternet.ru,Non-binary,9703.15,10/17/2020
677,104,Padraig,pcokeris@bigcartel.com,Female,7677.53,6/12/2021
678,82,Ulick,udrescherit@studiopress.com,Polygender,8014.63,3/1/2021
679,137,York,yschririu@cloudflare.com,Genderfluid,9824.1,8/9/2020
680,132,Lurlene,lmolloyiv@alexa.com,Non-binary,4362.16,6/1/2020
681,108,Georgie,gnareyiw@sphinn.com,Genderfluid,8296.14,4/6/2020
682,66,Lauri,lthezeix@amazon.co.uk,Polygender,5489.64,11/19/2020
683,41,Mathe,mearleyiy@dailymail.co.uk,Genderqueer,4488.44,9/24/2020
684,74,Brock,btashiz@newyorker.com,Genderqueer,8873.76,6/21/2021
685,6,Lindsay,lfinckej0@livejournal.com,Agender,6256.77,10/19/2020
686,103,Mateo,mgawthropj1@dailymail.co.uk,Agender,6148.22,11/4/2020
687,157,Linnet,lvasiljevicj2@people.com.cn,Non-binary,3899.76,6/17/2020
688,62,Ofella,obethellj3@phpbb.com,Male,8677.38,4/15/2020
689,68,Tiebout,tbartropj4@topsy.com,Bigender,3629.84,6/6/2021
690,178,Quentin,qyandlej5@rediff.com,Genderfluid,6545.4,7/6/2020
691,157,Purcell,ponelej6@wikia.com,Agender,4016.01,6/15/2021
692,75,Madella,mhearfieldj7@free.fr,Female,3020.37,2/23/2021
693,30,Winthrop,wcrowdsonj8@youtube.com,Male,4820.44,12/11/2020
694,73,Reeta,rsperlingj9@meetup.com,Bigender,9052.32,6/12/2020
695,87,Dreddy,dgrimwadeja@list-manage.com,Agender,9679.62,2/25/2020
696,122,Walt,wboleynjb@sphinn.com,Bigender,4227.57,6/27/2021
697,4,Johny,jjaimezjc@apple.com,Female,8367.46,3/19/2021
698,77,Rob,rkelsonjd@cdbaby.com,Genderqueer,2686.02,8/25/2020
699,102,Padget,pwiddisonje@feedburner.com,Non-binary,6471.57,12/22/2020
700,96,Evan,ethoriusjf@reuters.com,Male,6547.29,1/11/2021
701,176,Karen,ksimminsjg@exblog.jp,Female,4521.92,12/16/2020
702,22,Dawn,dgoodeyjh@nydailynews.com,Non-binary,5468.96,4/11/2020
703,172,Marylee,mgodfreyji@over-blog.com,Genderfluid,8383.02,3/1/2021
704,99,Gabrila,gdikjj@tripadvisor.com,Genderqueer,5466.12,6/23/2021
705,143,Chrysa,cleathersjk@nasa.gov,Polygender,7316.72,4/7/2021
706,42,Myles,mgreaderjl@hhs.gov,Male,4457.63,3/10/2021
707,123,Carmelina,cpaliajm@wired.com,Non-binary,9376.56,2/9/2020
708,69,Cad,cpatshulljn@eepurl.com,Non-binary,8740.95,10/28/2020
709,170,Kerry,kmaragesjo@spiegel.de,Polygender,9211.79,4/16/2021
710,50,Jeane,jtriggjp@nydailynews.com,Polygender,2336.26,9/9/2020
711,7,Phillipp,pbeilbyjq@networksolutions.com,Male,2001.25,6/18/2021
712,114,Lyda,lbowesjr@biglobe.ne.jp,Agender,6129.77,4/10/2021
713,40,Mary,mengalljs@digg.com,Polygender,8460.3,1/28/2020
714,29,Jon,jscoltsjt@csmonitor.com,Agender,2619.86,5/9/2021
715,66,Jimmy,jaguirreju@reddit.com,Bigender,6056.73,5/13/2021
716,49,Sammie,spilkingtonjv@technorati.com,Non-binary,5912.85,12/3/2020
717,171,Katha,kgellionjw@shareasale.com,Non-binary,5582.92,2/15/2021
718,41,Buckie,bnuttenjx@163.com,Bigender,9206.99,9/9/2020
719,114,Matilde,msawersjy@ed.gov,Polygender,3504.65,2/9/2020
720,179,Jourdain,jgilsonjz@cloudflare.com,Non-binary,6058.64,11/2/2020
721,100,Lexie,lwiersmak0@admin.ch,Genderfluid,4917.45,6/29/2020
722,4,Giulia,gflookk1@wunderground.com,Bigender,1530.82,2/9/2021
723,18,Robby,rblacksellk2@fda.gov,Bigender,2324.4,7/10/2020
724,165,Olga,oduchartk3@geocities.jp,Female,2275.29,5/8/2021
725,62,Norina,nglossopk4@eepurl.com,Genderfluid,5908.14,10/5/2020
726,88,Karyl,khowickk5@hostgator.com,Male,5379.01,6/4/2020
727,80,Norris,nkenefordk6@bigcartel.com,Female,6512.73,8/2/2020
728,24,Melisenda,mbarenskik7@yahoo.co.jp,Polygender,1331.28,3/25/2021
729,91,Coral,cdimondk8@adobe.com,Non-binary,5188.62,1/21/2021
730,169,Kassia,klisciandrik9@exblog.jp,Female,5539.41,5/31/2021
731,162,Anica,abriatka@mediafire.com,Agender,6230.5,10/15/2020
732,35,Buiron,bpikesleykb@buzzfeed.com,Agender,7343.3,10/24/2020
733,64,Vale,vwebenkc@aboutads.info,Genderqueer,3486.81,5/15/2021
734,88,Cyndy,ceglisekd@friendfeed.com,Female,1698.99,2/1/2021
735,1,Joella,jsergantke@mashable.com,Agender,2112.17,3/22/2021
736,151,Anabal,aganderkf@ameblo.jp,Non-binary,9447.46,9/17/2020
737,89,Penelope,pbristerkg@nba.com,Male,9157.18,1/27/2020
738,8,Trix,tbougheykh@latimes.com,Genderqueer,2894.8,10/5/2020
739,40,Pattin,pcasswellki@studiopress.com,Agender,1843.41,6/28/2021
740,135,Milli,mabsolonkj@canalblog.com,Male,2667.61,3/8/2020
741,150,Charlotte,cmolineauxkk@shop-pro.jp,Genderfluid,4576.7,2/13/2021
742,59,Krystalle,kgoodersonkl@hhs.gov,Genderfluid,8713.79,11/14/2020
743,40,Chane,cmatressekm@yale.edu,Agender,8589.67,5/10/2020
744,169,Melvyn,mandrichukkn@sakura.ne.jp,Agender,3622.48,4/23/2021
745,25,Mattias,mhotsonko@paypal.com,Agender,1570.88,10/11/2020
746,161,Zahara,zwelberrykp@bbb.org,Non-binary,1472.2,5/9/2021
747,105,Meaghan,mhornbucklekq@bandcamp.com,Genderfluid,1359.0,5/17/2020
748,81,Marrissa,mscotneykr@amazon.co.uk,Bigender,6830.97,12/5/2020
749,111,Tito,tdunbobinks@webnode.com,Genderfluid,1649.56,6/8/2020
750,31,Errol,epriggkt@bbc.co.uk,Bigender,2888.52,8/16/2020
751,146,Alwin,alingwoodku@spotify.com,Male,5614.22,3/2/2021
752,33,Hubert,hbembrickkv@chicagotribune.com,Polygender,1758.96,3/27/2020
753,68,Gabbie,garnaudetkw@vimeo.com,Genderfluid,6188.39,6/21/2021
754,175,Katherine,kparrattkx@auda.org.au,Agender,8472.36,11/11/2020
755,141,Orin,oprintky@statcounter.com,Genderqueer,1550.61,2/22/2021
756,95,Donnie,dplankskz@latimes.com,Bigender,6415.91,6/29/2021
757,146,Michelle,mairdriel0@fastcompany.com,Non-binary,9559.38,4/1/2020
758,35,Sandie,sbogiel1@symantec.com,Bigender,6287.72,2/11/2021
759,99,Kare,kshoemarkl2@cbslocal.com,Bigender,9813.48,10/8/2020
760,136,Mikkel,msolleyl3@booking.com,Genderqueer,8266.4,3/13/2020
761,28,Lavina,lluciusl4@techcrunch.com,Genderfluid,4086.4,3/24/2020
762,130,Aloysius,ahumphersonl5@arizona.edu,Bigender,9140.55,1/11/2021
763,175,Berkley,bheadeyl6@themeforest.net,Genderqueer,7394.39,3/13/2021
764,177,Rita,rklawil7@desdev.cn,Bigender,8227.32,4/27/2020
765,51,Silvanus,skalinskyl8@whitehouse.gov,Male,3459.3,2/2/2021
766,59,Dorise,dmacenteel9@auda.org.au,Non-binary,3798.39,2/24/2021
767,102,Skelly,strethowanla@cbsnews.com,Bigender,9843.61,5/3/2020
768,148,Mirabel,mscoonelb@skyrock.com,Genderqueer,4369.47,11/12/2020
769,30,Rafaello,rrobertellilc@histats.com,Bigender,4525.53,11/9/2020
770,52,Bailey,bdonild@statcounter.com,Polygender,2211.26,3/16/2021
771,90,Geno,gkelkle@photobucket.com,Genderqueer,8646.26,5/26/2021
772,138,Morlee,mconkeylf@usa.gov,Female,9978.33,6/8/2021
773,20,Risa,rdavydenkolg@vk.com,Female,7235.95,9/24/2020
774,24,Raleigh,rmilwardlh@zdnet.com,Genderfluid,8250.99,7/8/2020
775,75,Hesther,hespineli@gov.uk,Agender,3838.36,7/20/2020
776,21,Thibaut,tlawleslj@census.gov,Female,8009.31,5/25/2021
777,86,Rubi,rtoelk@japanpost.jp,Agender,7090.54,5/28/2021
778,106,Maire,mstqueintainll@ask.com,Bigender,9720.47,8/3/2020
779,63,Rebekah,rvearncombelm@barnesandnoble.com,Non-binary,1985.61,3/1/2020
780,119,Carrie,cbelsonln@mapy.cz,Agender,9801.66,12/15/2020
781,126,Israel,ifenkello@fda.gov,Female,7104.75,9/18/2020
782,123,Saw,smarcuslp@cmu.edu,Male,5230.65,6/22/2020
783,39,Fransisco,fgullamlq@pinterest.com,Female,9726.84,3/13/2021
784,138,Mildrid,madnetlr@last.fm,Polygender,2766.73,6/18/2021
785,59,Willard,wgetcliffels@wikipedia.org,Genderqueer,6590.7,7/29/2020
786,112,Franzen,fmarstonlt@oakley.com,Polygender,4621.36,7/29/2020
787,11,Denice,dstevingslu@yellowbook.com,Genderfluid,6748.22,1/2/2021
788,129,Karel,klastelv@amazon.com,Non-binary,8376.31,1/31/2021
789,4,Jules,jmockettlw@cpanel.net,Polygender,1957.62,7/30/2020
790,154,Townie,tinglisslx@xinhuanet.com,Bigender,5602.76,11/20/2020
791,68,Marlo,mciccottily@123-reg.co.uk,Genderfluid,7117.92,3/16/2020
792,90,Prue,plengthornlz@prweb.com,Agender,7061.7,5/6/2020
793,78,Micky,mlanhamm0@miitbeian.gov.cn,Genderfluid,6784.44,9/24/2020
794,28,Henka,hlorentem1@vkontakte.ru,Polygender,6592.98,1/24/2020
795,34,Sherie,sbunkerm2@jimdo.com,Bigender,7931.61,2/19/2021
796,46,Heidi,hipsleym3@army.mil,Agender,4359.84,6/23/2020
797,85,Melany,mwallsm4@opensource.org,Genderfluid,3568.16,6/17/2021
798,177,Vera,vhugonneaum5@odnoklassniki.ru,Non-binary,6192.43,3/27/2020
799,123,Caroline,cmatuszkiewiczm6@discuz.net,Bigender,7791.97,4/2/2021
800,53,Goldie,gduvalm7@dion.ne.jp,Agender,8990.14,6/25/2021
801,95,Son,sclaricoatesm8@reference.com,Male,7665.18,3/27/2020
802,59,Diahann,dbruninim9@tumblr.com,Male,3069.1,12/24/2020
803,118,Hewe,hsumshonma@webs.com,Polygender,9358.69,12/31/2020
804,133,Elfreda,ebranchflowermb@bloomberg.com,Genderqueer,4481.84,5/22/2021
805,53,Benito,bpontefractmc@admin.ch,Non-binary,8359.7,10/28/2020
806,83,Maitilde,mhearnsmd@guardian.co.uk,Genderfluid,5825.15,2/29/2020
807,3,Leontyne,lauklandme@springer.com,Genderqueer,5867.49,1/18/2021
808,44,Maribel,mprescottmf@state.gov,Male,2962.77,1/8/2021
809,135,Arte,acockshotmg@engadget.com,Bigender,5902.81,12/14/2020
810,63,Josias,jgaddesmh@wufoo.com,Non-binary,6216.8,2/16/2020
811,166,Birgitta,bfillanmi@amazonaws.com,Polygender,8424.87,3/24/2021
812,172,Blondell,bjoanmj@nydailynews.com,Polygender,2551.38,12/23/2020
813,62,Kathlin,kmcgannmk@answers.com,Genderqueer,6091.0,1/26/2020
814,112,Nat,nclampinml@omniture.com,Genderfluid,2686.65,7/14/2020
815,94,Faye,fedginmm@marriott.com,Genderfluid,2011.56,10/22/2020
816,72,Aimee,apotticarymn@bing.com,Female,6577.88,5/9/2021
817,141,Christabel,cfarleighmo@imageshack.us,Genderqueer,4072.44,10/6/2020
818,74,Quent,qgavrielmp@chron.com,Male,5118.23,8/7/2020
819,159,Jerrie,jstansbymq@istockphoto.com,Bigender,9049.1,6/26/2020
820,66,Zerk,zvickarsmr@shop-pro.jp,Bigender,2658.12,3/14/2020
821,88,Jacki,jkrierms@1688.com,Male,1292.94,3/24/2020
822,89,Darci,dboolmt@nhs.uk,Female,8946.58,1/27/2020
823,154,Andree,aheggesmu@nytimes.com,Genderqueer,7734.91,5/18/2020
824,121,Kary,krubinowitzmv@auda.org.au,Male,9677.99,1/24/2020
825,92,Say,smarrinermw@twitpic.com,Bigender,8170.53,10/24/2020
826,154,Noelyn,ntoppasmx@youtube.com,Female,5943.13,5/19/2021
827,65,Wiatt,wgavanmy@imgur.com,Bigender,8697.42,3/11/2021
828,35,Tally,tclohessymz@dot.gov,Male,7214.37,3/26/2021
829,8,Trish,tgoodhewn0@narod.ru,Genderfluid,1753.43,1/11/2020
830,114,Fransisco,fwilmutn1@japanpost.jp,Genderqueer,8488.63,12/19/2020
831,125,Louise,lpimern2@seesaa.net,Genderqueer,8424.6,5/20/2020
832,142,Meyer,mcollettn3@nifty.com,Female,3202.76,4/24/2021
833,16,Lotta,lboothroydn4@bloglovin.com,Polygender,4642.04,10/28/2020
834,97,Ingra,iwatkissn5@netlog.com,Polygender,3207.8,4/1/2020
835,142,Maryanne,mlawn6@csmonitor.com,Genderfluid,4755.59,4/23/2020
836,57,Lissy,lvenediktovn7@ehow.com,Male,5881.28,10/29/2020
837,18,Jeana,jspurmann8@cornell.edu,Bigender,4883.31,9/24/2020
838,178,Norrie,nmatczakn9@dot.gov,Bigender,3228.63,2/16/2021
839,53,Bell,blyallna@netscape.com,Female,9022.88,8/20/2020
840,120,Markos,mvidlernb@nhs.uk,Genderqueer,9120.14,3/31/2021
841,17,Lynette,lleytonnc@theglobeandmail.com,Female,5309.35,10/13/2020
842,44,Raimundo,rlemanund@slideshare.net,Bigender,9012.22,6/20/2021
843,177,Ilsa,ilasslettne@google.ru,Agender,7178.27,6/24/2021
844,11,Kenton,kdriscollnf@friendfeed.com,Genderqueer,1272.45,8/11/2020
845,89,Miles,mtixallng@nih.gov,Female,7037.96,2/9/2020
846,110,Parke,prealffnh@newsvine.com,Polygender,4943.3,4/4/2020
847,26,Gil,gjeanequinni@usnews.com,Genderfluid,7308.19,12/21/2020
848,156,Lu,lborrienj@sbwire.com,Polygender,2878.33,7/16/2020
849,98,Parry,pbifieldnk@stumbleupon.com,Male,5416.34,9/27/2020
850,38,Astra,acalvienl@livejournal.com,Genderqueer,9167.16,3/19/2021
851,5,Dix,dsowoodnm@icq.com,Bigender,6055.54,2/12/2021
852,115,Sile,sbarthorpenn@mac.com,Female,9678.31,3/18/2021
853,29,Everett,edowningno@networkadvertising.org,Non-binary,1802.86,4/10/2021
854,150,Nannie,ncowgillnp@admin.ch,Bigender,8263.38,5/17/2020
855,28,Blanche,bhumpatchnq@printfriendly.com,Genderqueer,2459.37,9/17/2020
856,120,Ricoriki,rstainsonnr@europa.eu,Bigender,8715.21,2/1/2021
857,48,Jaquelin,jubachns@ask.com,Male,4651.33,8/5/2020
858,43,Jordan,jmccallisternt@ning.com,Genderqueer,9601.48,3/4/2021
859,55,Abbot,aheimsnu@nationalgeographic.com,Genderqueer,2570.02,6/12/2021
860,103,Robinett,rlesternv@mashable.com,Female,7403.92,3/30/2021
861,135,Gar,gchurchillnw@bluehost.com,Polygender,4745.62,7/22/2020
862,4,Al,arustmannx@craigslist.org,Bigender,7479.99,3/28/2020
863,180,Noll,nechalierny@privacy.gov.au,Genderfluid,7576.34,5/26/2020
864,13,Benedetto,bstuchberynz@cyberchimps.com,Agender,3861.19,8/5/2020
865,80,Herc,hjaoueno0@icio.us,Non-binary,6757.02,1/4/2021
866,38,Gretta,gtappino1@live.com,Genderqueer,1683.95,5/31/2020
867,70,Kermit,kmenaulo2@wisc.edu,Agender,9002.05,9/13/2020
868,101,Nolana,nnelseno3@dyndns.org,Agender,8405.45,2/11/2020
869,157,Marlene,mparradineo4@hexun.com,Non-binary,9734.48,10/11/2020
870,166,Dulcia,dbawleo5@weibo.com,Male,2625.24,1/30/2021
871,33,Julian,jornellso6@gov.uk,Bigender,2258.6,2/14/2020
872,65,Gratia,ggoodlakeo7@economist.com,Female,4868.44,3/18/2021
873,91,Marguerite,mfrenchumo8@hud.gov,Bigender,2513.09,3/11/2020
874,164,Isac,idelayglesiao9@jiathis.com,Bigender,8204.27,1/2/2021
875,37,Yorker,yfiggessoa@biglobe.ne.jp,Polygender,6218.76,5/7/2021
876,133,Sissie,sakesterob@yolasite.com,Genderfluid,9563.1,5/28/2021
877,49,Jude,jhedauoc@webeden.co.uk,Female,9186.34,5/10/2021
878,155,Arline,awagnerinod@cornell.edu,Bigender,9583.52,8/28/2020
879,6,Dayna,dattleeoe@reddit.com,Male,6617.95,10/18/2020
880,161,Nanine,nstrangerof@addtoany.com,Bigender,4429.27,3/6/2020
881,97,Dillon,ddraayerog@wikipedia.org,Genderqueer,5148.65,7/21/2020
882,57,Hiram,heastwoodoh@feedburner.com,Polygender,1560.71,6/18/2021
883,158,Nanni,ntolhurstoi@spiegel.de,Non-binary,8187.75,6/3/2020
884,54,Orv,oluckoj@prnewswire.com,Male,7595.79,12/11/2020
885,75,Hailee,hnodinok@rakuten.co.jp,Male,9973.41,6/25/2021
886,21,Camellia,ckeizmanol@google.ru,Female,6613.29,7/28/2020
887,33,Neron,nmedendorpom@homestead.com,Male,2466.06,5/25/2021
888,109,Lita,lveigheyon@wikimedia.org,Polygender,8206.07,3/22/2021
889,49,Vernon,vhegeloo@forbes.com,Genderfluid,9630.2,1/19/2021
890,108,Leann,lcaghyop@liveinternet.ru,Genderqueer,5842.46,2/15/2020
891,53,Antonie,amanusoq@paypal.com,Male,2734.1,11/11/2020
892,63,Sebastian,ssennettor@ucoz.com,Genderqueer,5285.59,3/2/2021
893,38,Antons,alangfittos@bandcamp.com,Genderqueer,2938.22,1/2/2021
894,130,Trescha,tolongainot@nbcnews.com,Non-binary,4070.72,5/8/2020
895,112,Kelsy,kbenzaou@cnn.com,Genderqueer,4775.08,6/11/2020
896,7,Vi,vsalzburgerov@patch.com,Male,1566.67,1/7/2021
897,157,Murvyn,mrichardinow@google.pl,Polygender,7174.75,1/2/2020
898,133,Shermie,srawkesbyox@jalbum.net,Genderfluid,1655.14,3/16/2021
899,37,Gun,gblastockoy@shinystat.com,Genderqueer,5898.61,3/9/2020
900,136,Mikael,mweldenoz@ocn.ne.jp,Female,8457.43,5/27/2021
901,150,Stanley,ssimmp0@princeton.edu,Female,1844.21,5/14/2021
902,164,Alexio,agoldwaterp1@samsung.com,Male,6384.46,2/23/2020
903,122,Hyatt,hfaransp2@typepad.com,Female,6198.15,9/27/2020
904,3,Milicent,mfreegardp3@mysql.com,Non-binary,1275.29,6/22/2020
905,99,Krishna,kreimsp4@hc360.com,Male,8911.67,8/3/2020
906,137,Johnette,jdummiganp5@nasa.gov,Female,7180.3,1/20/2020
907,13,Francklin,fdavidavidovicsp6@samsung.com,Male,3812.4,8/11/2020
908,1,Kiri,kcallingtonp7@dot.gov,Agender,7664.61,1/7/2021
909,157,Blondy,bleggatp8@china.com.cn,Genderqueer,4295.23,11/4/2020
910,133,Elaina,ewhenmanp9@ihg.com,Genderfluid,8287.91,10/7/2020
911,145,Korie,kflewettpa@edublogs.org,Genderfluid,3047.51,5/27/2020
912,26,Lamar,llambertzpb@marketwatch.com,Polygender,2057.75,5/17/2021
913,149,Modestia,mrohmerpc@bandcamp.com,Bigender,2431.16,2/16/2020
914,108,Ricky,rspadollinipd@java.com,Bigender,6670.6,7/28/2020
915,60,Ebonee,ebendallpe@spiegel.de,Female,6336.92,6/27/2021
916,54,Richardo,rchattpf@ft.com,Agender,8889.65,10/9/2020
917,135,Mirelle,mnorleypg@ox.ac.uk,Female,4839.42,3/15/2020
918,148,Worden,wdebiasiph@bbc.co.uk,Bigender,5328.71,4/12/2020
919,77,Kristo,kayscoughpi@oaic.gov.au,Non-binary,5917.28,9/1/2020
920,172,Yvette,ywoottonpj@auda.org.au,Polygender,1983.1,10/19/2020
921,61,Randie,raspelpk@china.com.cn,Genderqueer,1495.06,9/7/2020
922,51,Paola,pstapfordpl@linkedin.com,Agender,3680.55,11/3/2020
923,173,Kory,ktimnypm@aol.com,Genderqueer,4135.85,6/29/2020
924,22,Edvard,edearellpn@myspace.com,Polygender,8474.11,3/17/2020
925,138,Shayne,spedycanpo@vimeo.com,Bigender,4011.55,6/23/2021
926,180,Dorena,dmandifieldpp@chronoengine.com,Polygender,9256.24,5/24/2020
927,38,Marc,mkeyspq@ocn.ne.jp,Genderqueer,4913.41,5/12/2021
928,60,Doralynne,dmachostepr@tumblr.com,Bigender,4012.3,1/14/2021
929,37,Rorie,rkeaysellps@mlb.com,Polygender,6919.77,2/21/2020
930,56,Darcy,dhaffnerpt@harvard.edu,Non-binary,8095.19,3/6/2021
931,104,Kara-lynn,klunapu@skyrock.com,Agender,3428.58,4/13/2020
932,99,Davin,dpasmorepv@webs.com,Agender,9699.23,6/18/2021
933,24,Loise,ldunypw@stanford.edu,Genderqueer,4820.88,5/24/2021
934,137,Evelina,eeastoppx@seesaa.net,Female,4826.14,11/15/2020
935,8,Madella,msurgenerpy@icio.us,Genderfluid,5673.55,9/1/2020
936,160,Wilburt,wcumberbatchpz@nasa.gov,Female,9260.97,5/3/2021
937,142,Kissie,klefeuvreq0@51.la,Genderfluid,2841.69,1/3/2021
938,33,Essie,esousaq1@goo.ne.jp,Non-binary,9300.27,11/24/2020
939,174,Charles,cgammillq2@list-manage.com,Polygender,9235.01,5/9/2021
940,34,Annabella,aebornq3@squidoo.com,Non-binary,2049.36,10/3/2020
941,125,Pamella,ptottq4@princeton.edu,Male,6502.8,3/3/2020
942,4,Lyndel,lscarffq5@squidoo.com,Polygender,8682.22,5/2/2020
943,8,Burtie,bolfordq6@sphinn.com,Male,9654.91,12/26/2020
944,7,Gardiner,gharwickq7@zimbio.com,Genderfluid,7064.71,8/5/2020
945,60,Anne-corinne,achellingworthq8@ebay.co.uk,Female,9711.14,8/5/2020
946,98,Nicoli,nsleightq9@sakura.ne.jp,Agender,7332.95,3/9/2020
947,113,Vito,vmonktonqa@sitemeter.com,Polygender,1371.64,2/14/2020
948,147,Johan,jklimentyonokqb@rakuten.co.jp,Genderqueer,7162.8,4/3/2020
949,62,Hulda,hovendonqc@tumblr.com,Polygender,5597.04,10/3/2020
950,75,Molli,mdanneqd@harvard.edu,Male,5012.54,8/17/2020
951,150,Megen,mzellickqe@un.org,Genderfluid,2067.37,12/23/2020
952,93,Darcy,dishakiqf@army.mil,Male,2812.69,6/24/2021
953,28,Thorsten,tpearlmanqg@cnbc.com,Genderfluid,3462.19,3/22/2020
954,28,Julie,jbaptieqh@cam.ac.uk,Male,2928.77,6/1/2021
955,112,Celka,coakenfullqi@phpbb.com,Genderfluid,1698.46,5/9/2021
956,132,Garvin,gboydaqj@biglobe.ne.jp,Bigender,2015.8,12/12/2020
957,40,Lefty,lpfeffelqk@mashable.com,Female,3930.56,5/26/2020
958,169,Kerrie,kbanishevitzql@army.mil,Female,6315.38,5/31/2021
959,55,Matthaeus,mknottleyqm@weibo.com,Genderqueer,3724.04,1/14/2021
960,71,Beilul,bkarchewskiqn@nasa.gov,Male,3929.01,6/16/2021
961,68,Reeba,rmarklowqo@whitehouse.gov,Genderqueer,8535.58,3/28/2020
962,26,Rawley,rbirdisqp@hibu.com,Non-binary,1363.05,9/11/2020
963,46,Denny,dbrownellqq@jimdo.com,Bigender,9883.79,12/1/2020
964,59,Gavra,gvictoryqr@nbcnews.com,Male,6888.85,3/20/2021
965,131,Cory,cstelfaxqs@businesswire.com,Non-binary,6603.81,1/18/2021
966,139,Ediva,elowndesbroughqt@ox.ac.uk,Polygender,2132.7,8/27/2020
967,165,Murdock,mrochewellqu@guardian.co.uk,Non-binary,6615.19,2/11/2021
968,101,Franky,fathowqv@businessweek.com,Genderfluid,6106.4,6/13/2021
969,109,Sascha,sroweqw@harvard.edu,Bigender,3670.67,4/2/2020
970,12,Felipe,fgrigoreyqx@apple.com,Bigender,6151.3,1/9/2021
971,95,Ludovika,ldengeqy@fc2.com,Bigender,2014.67,10/1/2020
972,125,Pierrette,phosierqz@google.nl,Genderqueer,3049.45,4/7/2021
973,100,Guss,gludmannr0@reddit.com,Genderfluid,6370.74,3/26/2020
974,179,Julita,jservanter1@constantcontact.com,Polygender,2383.28,1/25/2020
975,108,Waldon,wbinhamr2@nyu.edu,Genderfluid,6404.89,7/8/2020
976,58,Hildegaard,hsoftleyr3@dailymail.co.uk,Polygender,7071.68,3/8/2020
977,79,Cortney,cmenendesr4@goo.ne.jp,Male,2088.59,6/29/2021
978,93,Nonie,nwickr5@gizmodo.com,Bigender,6570.52,4/16/2021
979,4,Amandy,adanielianr6@lycos.com,Genderfluid,8024.61,7/15/2020
980,127,Margarette,mreddinr7@blogtalkradio.com,Bigender,5689.66,8/27/2020
981,92,Jeramey,jmordecair8@washingtonpost.com,Genderqueer,5235.85,4/23/2020
982,13,Esta,echellamr9@oracle.com,Polygender,8697.64,5/6/2020
983,78,Antoni,agorghettora@typepad.com,Genderfluid,8641.29,4/9/2021
984,160,Donia,dmawdrb@wunderground.com,Genderqueer,1974.88,3/6/2021
985,56,Faydra,fyuryevrc@feedburner.com,Genderqueer,1567.11,4/11/2020
986,7,Shane,sbromidgerd@fema.gov,Polygender,5191.64,6/11/2021
987,83,Orrin,ocapperre@4shared.com,Male,8397.08,11/8/2020
988,67,Katha,kholmyardrf@usatoday.com,Female,2815.33,4/16/2021
989,70,Saidee,slepiscopiorg@yolasite.com,Non-binary,6257.43,1/30/2021
990,138,Olva,ocromerh@people.com.cn,Female,8735.27,5/12/2021
991,167,Claudette,cgeffenri@alibaba.com,Non-binary,2633.93,11/26/2020
992,92,Nadiya,ntremaylerj@apache.org,Genderfluid,2113.82,4/6/2021
993,133,Noelyn,ndawidowitzrk@goodreads.com,Genderfluid,1840.21,1/22/2021
994,96,Ravid,rdrewrl@so-net.ne.jp,Polygender,3966.77,1/14/2020
995,155,Georas,gmurchrm@seattletimes.com,Genderfluid,4887.78,8/17/2020
996,15,Ingelbert,ifreezorrn@biglobe.ne.jp,Agender,8844.89,3/5/2021
997,133,Lea,lbiddlestonero@alibaba.com,Genderqueer,8335.47,5/2/2021
998,62,Derek,dvonhindenburgrp@nps.gov,Agender,6440.0,6/15/2021
999,90,Giuditta,gtedderrq@hatena.ne.jp,Genderqueer,8224.9,11/17/2020
1000,137,Germain,gcasfordrr@epa.gov,Male,1753.84,5/20/2021
